,Training loss,Vaidation loss
TRAIN-100,0.004897859454154968,0.004741214886307716
TRAIN-1000,0.0006677299935370684,0.0006634243912994861
TRAIN-2500,0.0006122962404042483,0.0005952572170644998
TRAIN-5000,0.0017138771176338195,0.0017337898537516593
TRAIN-7500,0.0030357972413301466,0.0025153740420937537
TRAIN-10000,0.004836994233727455,0.004794737488031387
Baseline,0.23693759987751642,0.23750895261764526
