,Training loss,Vaidation loss
TRAIN-100,0.003808223041892052,0.0037722522765398026
TRAIN-1000,0.0036941012591123583,0.0036438520699739454
TRAIN-2500,0.003798264817893505,0.003656031087040901
TRAIN-5000,0.001722016155719757,0.0016744927987456322
TRAIN-7500,0.0019082939490675927,0.0018312599360942841
TRAIN-10000,0.0038679427295923233,0.0037803730219602583
Baseline,0.23693759987751642,0.23750895261764526
