,Training loss,Vaidation loss
TRAIN-100,0.0038885706663131714,0.0038124783635139466
TRAIN-1000,0.0037861381590366364,0.003658425062894821
TRAIN-2500,0.0016881278768181801,0.0016875159442424775
TRAIN-5000,0.0017184921473264694,0.0016902749836444854
TRAIN-7500,0.0019447185531258583,0.001811444528400898
TRAIN-10000,0.00273186839222908,0.0027193475812673567
Baseline,0.23693759987751642,0.23750895261764526
