,Training loss,Vaidation loss
TRAIN-100,0.003795943585038185,0.0037923724353313448
TRAIN-1000,0.0008714934714138508,0.0008067174889147281
TRAIN-2500,0.001836602236330509,0.001798877865076065
TRAIN-5000,0.003774236738681793,0.0036896698474884033
TRAIN-7500,0.0005952454898506403,0.000604807574301958
TRAIN-10000,0.0017608797386288644,0.0017680042684078217
Baseline,0.23693759987751642,0.23750895261764526
