,Training loss,Vaidation loss
TRAIN-100,0.0018725143909454345,0.0018577359020709992
TRAIN-1000,0.003676546385884285,0.003578178271651268
TRAIN-2500,0.003783871179819107,0.0037906620502471925
TRAIN-5000,0.0018606178715825082,0.0017832827344536782
TRAIN-7500,0.0016672370240092278,0.0016115559451282025
TRAIN-10000,0.0018083460062742233,0.0018002844676375388
Baseline,0.23693759987751642,0.23750895261764526
