,Training loss,Vaidation loss
TRAIN-100,0.00489122624695301,0.00484434212744236
TRAIN-1000,0.0034272443130612374,0.002888981156051159
TRAIN-2500,0.0017726131737232208,0.0017050117626786231
TRAIN-5000,0.001658887305855751,0.0016436933279037477
TRAIN-7500,0.0037208613872528077,0.003652777746319771
TRAIN-10000,0.001718665987998247,0.0016911624297499656
Baseline,0.23693759987751642,0.23750895261764526
