,Training loss,Vaidation loss
TRAIN-100,0.004845576047897339,0.004797615334391594
TRAIN-1000,0.004367811048030854,0.004245298907160759
TRAIN-2500,0.0006628845516592264,0.0006721072308719158
TRAIN-5000,0.0030643696278333664,0.002980693057179451
TRAIN-7500,0.0018359709605574607,0.001774745412170887
TRAIN-10000,0.0038320731818675996,0.003778945878148079
Baseline,0.23693759987751642,0.23750895261764526
