,Training loss,Vaidation loss
TRAIN-100,0.0016730340257287025,0.0016886937841773034
TRAIN-1000,0.0007744461115449667,0.0007275489568710327
TRAIN-2500,0.0017105852723121643,0.001697703242301941
TRAIN-5000,0.004768127012252808,0.004728803619742394
TRAIN-7500,0.006626590764522553,0.006195300877094269
TRAIN-10000,0.0017106673687696456,0.0016688095331192016
Baseline,0.23693759987751642,0.23750895261764526
