,Training loss,Vaidation loss
TRAIN-100,0.002021514339745045,0.0019461678117513657
TRAIN-1000,0.0016929388590157031,0.0016052338108420371
TRAIN-2500,0.0016892149686813355,0.0016755838766694068
TRAIN-5000,0.0037930204451084135,0.003667837306857109
TRAIN-7500,0.0017464575245976447,0.0018015477210283279
TRAIN-10000,0.0017968289896845818,0.0016410661228001117
Baseline,0.23693759987751642,0.23750895261764526
