,Training loss,Vaidation loss
TRAIN-100,0.0017606842957437038,0.0017555757388472556
TRAIN-1000,0.0017120633214712142,0.001677418254315853
TRAIN-2500,0.0006166297499090433,0.0005825793016701937
TRAIN-5000,0.001520061421394348,0.0013121907263994217
TRAIN-7500,0.0007310642432421445,0.0007426326107233763
TRAIN-10000,0.003118350304663181,0.0029650974348187447
Baseline,0.23693759987751642,0.23750895261764526
